CHR,RSID,POSITION,BP,ALT,REF,BETA
1,rs2898917,0,6927281,C,T,0.009585306979716
1,rs114712564,0,47386206,C,T,0.045335475355387
1,rs12131239,0,102599874,T,G,0.002383423736319
1,rs11807509,0,102643288,C,A,0.013702400028706
1,rs4575098,0,161185602,G,A,-0.008660988882184
1,rs11585858,0,161186243,C,A,-0.008642641827464
1,rs4844600,0,207505962,A,G,0.001967367250472
1,rs12037841,0,207510847,T,G,0.001180546358228
1,rs4562624,0,207512620,A,C,0.000366100925021
1,rs2296160,0,207621975,A,G,0.002382786944509
1,rs61822977,0,207622720,G,A,0.003859551856294
1,rs12032780,0,207623493,G,A,0.000713786692359
1,rs10779335,0,207625349,C,T,0.002894585719332
1,rs10779336,0,207625371,T,G,0.002825740957633
1,rs11579070,0,207625796,A,G,0.003545628394932
1,rs10863420,0,207626529,A,C,0.001423840411007
1,rs1830763,0,207627044,C,A,0.001105969888158
1,rs1408078,0,207627210,T,C,0.000173557287781
1,rs11803956,0,207629676,T,C,0.001009093713947
1,rs12041437,0,207629919,C,A,0.001458805054426
1,rs12034383,0,207630250,G,A,0.001286103157327
1,rs1408077,0,207630796,A,C,0.001724838395603
1,rs17186848,0,207631538,T,C,0.001657963031903
1,rs6697005,0,207633385,G,A,0.004399986471981
1,rs11803366,0,207633644,T,C,0.000272977282293
2,rs72777025,0,9558881,C,T,-0.004230140708387
2,rs72777026,0,9558882,A,G,-0.005574367940426
2,rs876461,0,37288815,G,A,-0.001159855397418
2,rs72792835,0,37295028,T,C,-0.000420354044763
2,rs17481834,0,37301206,A,G,-0.003931548912078
2,rs2268987,0,37306032,T,C,-0.003174698213115
2,rs10179447,0,37351065,G,A,-0.001871622982435
2,rs76606749,0,127056381,G,T,-0.002057559788227
2,rs3754619,0,127057200,G,A,-0.003332859138027
2,rs2276579,0,127059056,G,A,-0.002680290024728
2,rs2071267,0,127063876,C,T,-0.004317686427385
2,rs79706084,0,127064584,C,T,-0.003968114499003
2,rs3768862,0,127066110,A,G,-0.001444315421395
2,rs1060743,0,127068957,A,G,-0.012304737232626
2,rs3768858,0,127069257,G,A,-0.003541879821569
2,rs3768857,0,127071706,C,T,-0.00511581171304
2,rs3754609,0,127072367,T,C,-0.000566032133065
2,rs58682665,0,127127671,A,G,0.003331269370392
2,rs719054,0,127128075,G,A,0.003275786992162
2,rs13025717,0,127128582,C,T,-0.005727097857744
2,rs13025765,0,127128657,C,T,-0.00541743542999
2,rs12618593,0,127128795,T,C,-0.00559991877526
2,rs12617835,0,127128840,A,C,-0.005352588836104
2,rs4663105,0,127133851,A,C,-0.02317919768393
2,rs6733839,0,127135234,C,T,-0.036189943552017
2,rs56368748,0,127136522,G,A,-0.003997525200248
2,rs744373,0,127137039,A,G,-0.015998253598809
2,rs6431223,0,127137911,G,A,0.003249963279814
2,rs6741007,0,134779549,T,G,-0.001013026805595
2,rs6753334,0,134818984,A,G,-0.005407338496298
2,rs1530556,0,134842164,C,T,-0.000235395418713
2,rs10928520,0,134846613,T,C,-0.000190952065168
2,rs6758113,0,134851677,G,A,-0.005960558075458
2,rs6430547,0,134854852,C,T,-0.004588076844811
2,rs3819121,0,134865290,T,C,-0.000666803738568
2,rs12473839,0,134880474,C,T,-0.000877846439835
2,rs6714498,0,134893196,T,C,-0.000939027464483
2,rs12463645,0,134916800,T,C,-0.000609740789514
2,rs140244541,0,202943809,G,A,0.003262540558353
2,rs10932008,0,203184117,G,A,-0.000664483581204
2,rs139644567,0,203502588,G,A,0.013011203147471
2,rs7569598,0,233116689,T,C,0.010585840791464
2,rs7421448,0,233117495,T,C,-0.042419955134392
2,rs7605743,0,233127039,G,T,-0.001317372196354
2,rs12694927,0,233127516,G,A,-0.002089580288157
2,rs12694929,0,233128186,T,C,-0.005366254132241
2,rs12987520,0,233137657,T,C,-0.000323374260915
2,rs142911999,0,233151801,G,A,0.00603467412293
2,rs36149367,0,233152984,T,C,0.004336843267083
2,rs36130536,0,233153405,C,T,0.003084787400439
2,rs36151663,0,233154309,C,T,0.00426935730502
3,rs3774745,0,50167312,C,T,-0.000682187150232
3,rs141220349,0,75984299,C,T,0.00445813452825
3,rs181165086,0,75989711,A,G,0.003987984266132
3,rs112490075,0,136155124,G,A,0.011293422430754
4,rs17781348,0,884958,G,A,-0.012447083368897
4,rs3822030,0,993555,G,T,-0.028093596920371
4,rs617914,0,2179881,C,T,-0.00433429563418
4,rs4697814,0,10961431,G,A,0.013007844798267
4,rs6448400,0,10966897,G,A,-0.000239659028011
4,rs75627874,0,10969160,A,G,-0.001221088692546
4,rs76401728,0,10980772,A,G,-0.009117838926613
4,rs76100445,0,10983844,T,C,-0.009113389998674
4,rs3916085,0,10985093,A,G,-0.002572442637756
4,rs78741395,0,10991495,A,G,-0.000572497374378
4,rs74700796,0,10998332,G,A,-0.015691798180342
4,rs112949490,0,11001913,T,G,-0.020933862775564
4,rs875394,0,11009974,G,T,-0.00146461755503
4,rs61795267,0,11041369,G,A,-0.000370445981389
4,rs115468670,0,14335467,T,C,-0.011983782984316
4,rs116167935,0,35575657,C,T,0.010395710356534
4,rs61130306,0,112147036,T,G,-0.004721038043499
4,rs10029123,0,112164474,G,A,-0.000165472432855
4,rs4834240,0,112195023,C,T,-0.000583043904044
5,rs2624217,0,87149815,A,G,0.006967305205762
5,rs2544702,0,87152123,C,A,0.005434882827103
5,rs675297,0,118772137,A,G,-0.000639466627035
5,rs6879629,0,140275394,A,G,-0.001417190302163
5,rs2337138,0,140312079,C,A,0.002944257808849
5,rs6870103,0,140312930,G,T,0.003325118916109
5,rs6580515,0,140318525,A,C,0.007110456936061
5,rs6580516,0,140318558,G,T,0.003801483893767
5,rs10061835,0,140320993,T,C,0.005316349677742
5,rs7268,0,140332965,A,C,0.000474345608382
5,rs871269,0,151052827,C,T,0.016739951446652
5,rs2112181,0,177509589,T,C,-0.001707361778244
5,rs337388,0,177520152,C,T,0.008225631900132
5,rs335446,0,177525918,C,T,0.006414917763323
5,rs335445,0,177526017,G,A,0.006633484270424
5,rs335456,0,177545258,G,A,0.002597030485049
5,rs335455,0,177545619,C,T,0.00323324627243
5,rs335454,0,177546150,G,A,0.001868855091743
5,rs337351,0,177547018,T,C,0.000969988119323
5,rs335423,0,177548692,A,G,0.008301339112222
5,rs335422,0,177550051,G,A,0.002333709970117
5,rs335472,0,177557162,A,C,-0.006690911948681
5,rs1001530,0,177558514,A,G,-0.00040629672003
5,rs335473,0,177559423,G,A,-0.002737115835771
5,rs335480,0,177560723,G,A,-0.001181184896268
5,rs144591562,0,179718615,G,T,-0.026968872174621
5,rs72807345,0,179817672,C,T,-0.015930747613311
5,rs111274391,0,180196966,G,A,-0.009539609774947
5,rs116347724,0,180197032,G,A,-0.009649652056396
5,rs113706587,0,180201150,G,A,-0.008260659873486
5,rs76792388,0,180202485,A,C,-0.007921746000648
6,rs6910948,0,22306469,A,C,0.001051038037986
6,rs17197839,0,31253522,G,A,0.003463873406872
6,rs12196740,0,31353630,C,T,-0.010040264576674
6,rs9267996,0,32254157,A,G,0.004052299074829
6,rs1265762,0,32353338,C,A,0.0008502707351
6,rs1265760,0,32354095,T,C,4.90E-05
6,rs1265759,0,32354616,C,T,0.000463756616227
6,rs7775581,0,32358876,C,T,0.000156276015332
6,rs6904608,0,32359950,C,T,0.000381191843189
6,rs6904636,0,32360004,C,T,0.000332998664817
6,rs3129911,0,32360626,C,T,0.000186644159839
6,rs7776257,0,32361187,T,C,1.03E-05
6,rs72843268,0,32375798,C,A,-0.001333110965788
6,rs17208524,0,32375980,A,G,-0.001502841012552
6,rs12528797,0,32377309,A,G,-0.001714948448353
6,rs2894253,0,32377763,T,G,-0.001870182575658
6,rs2395154,0,32377999,C,T,-0.00199490878731
6,rs72843270,0,32378436,C,T,-0.002103281673044
6,rs6930777,0,32383789,C,T,-0.003116514766589
6,rs1555114,0,32386852,A,G,-0.000451861822512
6,rs28362674,0,32387057,G,A,-0.000444704695838
6,rs17208573,0,32387508,A,G,-0.000450177001767
6,rs17208608,0,32388081,T,C,-0.000454171124147
6,rs60219037,0,32388530,C,T,-0.000453329470474
6,rs72843287,0,32389062,A,G,-0.000448237580713
6,rs72843289,0,32389567,T,G,-0.000857222592458
6,rs12529106,0,32390231,G,A,-0.000301940075587
6,rs12529107,0,32390234,G,A,-0.000273624697002
6,rs17208657,0,32390367,T,C,-0.00025886570802
6,rs17202309,0,32390436,T,C,-0.000244481110713
6,rs115303880,0,32390682,G,T,-0.000228913399042
6,rs17495592,0,32390756,A,G,-0.000212704719161
6,rs62402741,0,32390951,G,A,-0.000196135122678
6,rs1143257,0,32391356,G,A,-0.000366304477211
6,rs1143258,0,32391379,A,G,-0.000188984005945
6,rs62402742,0,32391386,G,A,-0.000733350461815
6,rs1143259,0,32391431,G,A,-0.000184426753549
6,rs1143261,0,32391453,T,C,-0.00016660214169
6,rs17495612,0,32391654,T,C,-0.000152523076395
6,rs16870123,0,32391683,G,A,-0.000139263196616
6,rs200277885,0,32391736,A,G,-0.00012642564252
6,rs72847907,0,32391834,A,G,-0.000114528585982
6,rs68146269,0,32392127,T,C,-0.000103575039248
6,rs78659081,0,32392283,T,C,-0.000463147822302
6,rs67722415,0,32392755,A,G,-0.000101978577732
6,rs3817974,0,32393258,T,C,-9.78E-05
6,rs3817969,0,32393611,C,T,-8.60E-05
6,rs3817967,0,32393692,C,T,-7.22E-05
6,rs72847934,0,32394405,T,C,-5.81E-05
6,rs41499544,0,32394676,A,G,-4.48E-05
6,rs72847948,0,32397776,C,T,-0.003176394151524
6,rs62402759,0,32397930,T,C,-0.002672059228644
6,rs62404560,0,32398119,A,G,-0.002669264795259
6,rs4959097,0,32398848,T,C,-0.002635022159666
6,rs2294882,0,32399738,T,C,-0.002589531475678
6,rs2294881,0,32399827,T,C,-0.00254160631448
6,rs3817965,0,32400150,A,G,-0.002066842280328
6,rs35817460,0,32426345,G,T,-0.000773790001404
6,rs17202717,0,32430086,G,T,-7.52E-05
6,rs11965021,0,32630484,C,T,-0.002102916594595
6,rs68033958,0,32666449,G,A,-0.011061506345868
6,rs9275152,0,32684419,T,C,0.001208804664202
6,rs115594945,0,32696994,G,A,-0.000163133954629
6,rs116303320,0,32697014,C,T,-0.000177464346052
6,rs115074443,0,32697018,C,T,-0.000252144935075
6,rs114948848,0,32697020,A,G,-0.000333417789079
6,rs34751870,0,32705555,C,T,-0.001677254680544
6,rs9275599,0,32714652,C,T,0.002771444618702
6,rs719654,0,32784362,G,A,-0.003232055110857
6,rs2621355,0,32803564,G,A,-0.003879323834553
6,rs2061952,0,32817937,T,C,-0.000764893658925
6,rs1894406,0,32819279,C,T,-0.000894089520443
6,rs9380326,0,32830506,T,C,-0.00010289077909
6,rs9380327,0,32830573,A,C,-0.001749753486365
6,rs2071538,0,32850901,G,A,0.000641628401354
6,rs143332484,0,41161469,C,T,-0.138369649648666
6,rs9394766,0,41192063,A,G,0.007783932145685
6,rs9394767,0,41192167,A,G,0.006609311327338
6,rs9369266,0,41232816,A,G,0.002452838700265
6,rs10947952,0,41240509,A,G,0.000129588559503
6,rs9369267,0,41241463,A,C,0.000383845326724
6,rs9472521,0,45602126,A,G,-0.001847547013313
6,rs58939587,0,45602312,C,T,-0.0023471750319
6,rs7766534,0,45603530,T,C,-0.00163047760725
6,rs57939401,0,45604334,G,A,-0.000165200326592
6,rs7752183,0,45604762,C,A,-0.000248612283031
6,rs9381563,0,47464901,C,T,0.003751487005502
6,rs9395288,0,47630389,C,T,-0.006831095088273
6,rs9357551,0,47638293,C,T,-0.000319444574416
6,rs4711889,0,47638840,T,C,-0.005435696337372
6,rs4711895,0,47659291,A,G,-0.001476589008234
6,rs6904933,0,47660822,G,A,-0.000382516358513
7,rs4725207,0,1545607,C,T,-0.00548599101603
7,rs6463928,0,1556203,A,G,-0.001347056007944
7,rs17165701,0,12199648,T,C,0.001903875847347
7,rs6460894,0,12207704,T,C,0.001042469521053
7,rs6460902,0,12215885,G,A,0.003053560853004
7,rs10950397,0,12225111,C,T,0.000880458799656
7,rs10950398,0,12225245,G,A,0.000754256616347
7,rs76854159,0,12225433,A,G,0.00074410851812
7,rs6966915,0,12226362,C,T,0.000377887277864
7,rs7804433,0,12227080,G,A,0.000691623718012
7,rs7804736,0,12227241,G,T,0.000798398512416
7,rs4721060,0,12227926,G,A,0.000893956399523
7,rs7792410,0,12227988,T,C,0.000545792514458
7,rs7809700,0,12228108,G,A,0.000926376669668
7,rs13229988,0,12228211,A,G,0.000810689700302
7,rs28549831,0,12228491,C,T,0.00093431212008
7,rs13230513,0,12228617,C,A,0.000941808044445
7,rs12667950,0,12228842,G,T,0.000191579718376
7,rs5011431,0,12228925,G,A,0.000550025666598
7,rs5011434,0,12229091,C,T,0.000543244183064
7,rs5011438,0,12229172,C,T,0.000539847300388
7,rs13237518,0,12229967,C,A,0.003722092602402
7,rs12699332,0,12230136,G,T,0.000480024551507
7,rs12699333,0,12230178,C,T,0.000749974336941
7,rs12668625,0,12230191,G,A,0.000489612633828
7,rs3815535,0,12230893,G,A,0.000480676302686
7,rs2302635,0,12230999,G,A,0.000472571293358
7,rs2302633,0,12231189,C,T,0.000745773606468
7,rs12669919,0,12232371,G,A,0.000909467868041
7,rs1054168,0,12233787,C,T,0.001192137016915
7,rs1054169,0,12233870,G,A,0.001244159182534
7,rs4721064,0,12244752,G,A,0.000250310229603
7,rs2717933,0,37635105,A,G,-0.001860942225903
7,rs2718069,0,37642576,A,G,-0.0027642454952
7,rs2252710,0,37648927,T,C,-0.000149149345816
7,rs2718073,0,37649567,C,T,-0.000707894505467
7,rs2718074,0,37650479,A,G,-0.000387550506275
7,rs2893546,0,37651800,C,T,-0.000773746171035
7,rs2249089,0,37702290,T,G,-0.004733490291983
7,rs17826019,0,37840679,C,A,-0.002192529849708
7,rs4723713,0,37848752,G,A,-0.000378311233362
7,rs10271309,0,37850184,A,G,-0.001395594910719
7,rs921914,0,50271132,T,G,-0.000475583598018
7,rs921913,0,50271503,G,A,-0.001696392893791
7,rs1456895,0,50272632,G,A,-0.001496944692917
7,rs10276619,0,50273756,G,A,-0.001746491412632
7,rs2219345,0,50274703,T,G,-8.84E-05
7,rs9649710,0,50283236,A,G,-0.002578272717074
7,rs7384878,0,100334426,C,T,-0.005071268882602
7,rs2405442,0,100373690,T,C,-0.005499684251845
7,rs1859788,0,100374211,A,G,-0.004650738090277
7,rs2906657,0,100386466,T,C,0.022000377997756
7,rs34995835,0,100392741,T,G,-0.001008505467325
7,rs1476679,0,100406823,C,T,-0.001859680982307
7,rs34919929,0,100414711,G,A,-0.002332367934287
7,rs60738304,0,100414956,A,C,-0.002229887293652
7,rs5015756,0,100415834,T,C,-0.000693025882356
7,rs55773945,0,100444790,T,C,-0.003167903516442
7,rs12539172,0,100494172,T,C,-0.010052245110273
7,rs7791765,0,143402014,T,G,0.000440114235971
7,rs10808026,0,143402040,C,A,0.000532202247996
7,rs12703524,0,143408737,C,A,0.001569136395119
7,rs75045569,0,143412115,T,G,0.000145011130371
7,rs11771145,0,143413669,G,A,0.001000366406515
7,rs11769980,0,143424627,C,A,0.003076827153564
7,rs10226151,0,143425364,A,G,0.003351991530508
7,rs78571833,0,143425831,A,C,0.005527724977583
7,rs7805776,0,143427203,G,A,0.005521012470126
7,rs10237465,0,143429703,G,A,0.002696209587157
7,rs10228407,0,143430678,T,G,0.001573965419084
7,rs6966814,0,143431406,G,A,0.000923526997212
7,rs9640386,0,143435090,G,A,-0.004091979004443
8,rs35262742,0,27278107,A,G,0.015946973115206
8,rs28834970,0,27337604,T,C,-0.013209062628448
8,rs6987305,0,27350609,G,A,-0.006348303053528
8,rs2322599,0,27354393,G,A,-0.0021409005858
8,rs73223431,0,27362470,C,T,-0.009579819627106
8,rs17057043,0,27362793,G,A,-0.002857466228306
8,rs2565045,0,27473296,C,T,-0.008282640948892
8,rs7357432,0,27530328,A,C,0.01440794672817
8,rs35889509,0,27537581,A,G,0.014960176311433
8,rs68012375,0,27543165,A,G,0.002413405571133
8,rs7341557,0,27545260,G,A,0.000345563399605
8,rs6983452,0,27590511,C,T,-0.0012245249236
8,rs2279590,0,27598736,T,C,-0.012222445569933
8,rs7982,0,27604964,A,G,-0.004555441904813
8,rs11136000,0,27607002,T,C,-0.002696918556467
8,rs1532276,0,27608640,T,C,-0.001847338746302
8,rs1532277,0,27608664,T,C,-0.001004576100968
8,rs1532278,0,27608798,T,C,-0.016306780278683
8,rs9331896,0,27610169,C,T,-0.005128198303282
8,rs867230,0,27610986,C,A,-0.015696458518505
8,rs10091076,0,102571882,C,T,0.008757145144045
8,rs13255329,0,125596023,T,G,-0.001311978558078
8,rs11786896,0,143944186,C,T,-0.014190873131156
8,rs72695404,0,143958463,C,T,-0.011748210527003
8,rs11786739,0,143967833,A,G,-0.021616008132696
8,rs79832570,0,144042819,T,C,-0.015908688306809
8,rs34173062,0,144103704,G,A,-0.025342594832182
9,rs12004078,0,21489919,T,C,0.023663444444537
9,rs139185008,0,27491944,T,C,0.004302307963371
9,rs1131773,0,93077974,A,G,-0.01352337282151
9,rs4077811,0,93078062,A,G,-0.015061012469232
9,rs28468656,0,93087343,T,G,-0.01187891419977
10,rs75785877,0,11661492,T,C,-0.00926376413554
10,rs11257238,0,11675398,T,C,-0.003071791492403
10,rs2011704,0,11676332,T,C,-0.003211091971025
10,rs7912495,0,11676714,A,G,-0.005060266237706
10,rs11257240,0,11677075,T,G,-0.002968694083393
10,rs140569239,0,16707820,C,A,-0.011589827015996
10,rs1887531,0,32287996,C,T,0.013344991952181
10,rs34113707,0,32288085,G,A,-0.008566726930439
10,rs188619889,0,54446831,T,G,-0.043590564280748
10,rs55842846,0,59847305,G,A,-0.001840498065576
10,rs1664284,0,59856848,T,C,-0.000293447170407
10,rs10821624,0,59977529,C,T,-0.00042948074406
10,rs10821625,0,59979702,C,T,-1.14E-05
10,rs11817353,0,59981293,A,C,-0.001806699321605
10,rs3862863,0,59981491,T,C,-0.00165407708846
10,rs2342812,0,80286452,A,G,-0.002617072081193
10,rs117388311,0,90133490,T,C,0.014489155262709
10,rs1870171,0,96259356,A,G,-0.019760144874454
10,rs1870169,0,96259400,A,G,-0.015293439850211
10,rs10748668,0,96259827,T,C,-0.01686454936862
10,rs79663593,0,96265101,G,A,0.003319498384371
10,rs4142016,0,96266318,A,G,-0.007822260260582
10,rs117219667,0,96288202,C,T,0.002974492963403
10,rs117699776,0,96288508,A,G,0.004918383900076
10,rs143370018,0,96290260,G,A,0.001232049660757
10,rs17386635,0,96304051,A,G,0.01887702010572
10,rs4146894,0,122395865,C,T,0.000468218320748
10,rs11200608,0,122398305,T,C,0.000441045413027
10,rs6585827,0,122406099,G,A,0.002304467372596
10,rs7097701,0,122412341,T,C,0.001654724939726
10,rs7079976,0,122412592,A,G,0.001936429878697
10,rs7908662,0,122413396,A,G,0.001907487516291
10,rs4612730,0,122416936,G,A,1.12E-05
10,rs4311997,0,122419783,C,T,0.000364494131645
10,rs10887150,0,122421062,C,A,0.000279005907942
10,rs10510110,0,122432914,T,C,0.001157072256319
10,rs2280141,0,122433665,T,G,0.000743885582779
11,rs2927205,0,40143749,G,A,0.012412568554282
11,rs3740688,0,47358789,G,T,-0.016450144350529
11,rs11824940,0,60059384,A,G,-0.008027670904994
11,rs17154527,0,60060597,A,G,-0.007015849929303
11,rs1286170,0,60064457,G,A,0.00159840460401
11,rs56189574,0,60166019,A,G,0.000240140710957
11,rs72920853,0,60231247,G,A,0.00238338066265
11,rs1582763,0,60254475,G,A,0.013635759241879
11,rs11230229,0,60276954,T,C,0.0005313383881
11,rs72922678,0,60314620,G,A,0.006360369734466
11,rs59224344,0,60316400,C,T,0.006042872089893
11,rs72924659,0,60335912,C,T,0.004219580907375
11,rs10896050,0,65810045,G,T,0.002251236699522
11,rs111953392,0,65828226,G,A,0.004981606733054
11,rs11227332,0,65856268,A,G,0.001127950148657
11,rs659023,0,86113817,A,G,-0.00610088929534
11,rs471470,0,86120499,C,A,-0.007159407250583
11,rs11234556,0,86138369,T,C,-0.003143691457808
11,rs3844143,0,86139201,C,T,-0.007482007145882
11,rs10792831,0,86141937,G,A,-0.008366541936994
11,rs7952506,0,86146597,T,C,-0.000262935704086
11,rs10898438,0,86147211,G,A,-0.000468975194963
11,rs3851178,0,86147455,G,T,-0.000119816730148
11,rs56295979,0,86150262,G,A,-0.013274764642119
11,rs7480193,0,86150377,G,A,-0.003304084762931
11,rs72962020,0,86151686,A,G,-0.000208505764022
11,rs56157503,0,86152038,A,C,-0.002035266719759
11,rs10792832,0,86156833,A,G,-0.017413770779967
11,rs10898441,0,86157412,G,T,-0.000971797795501
11,rs3851179,0,86157598,T,C,-0.019581317901611
11,rs75023639,0,121538510,T,C,0.058363799005747
11,rs80256323,0,121563217,C,A,0.011825972236693
11,rs9665907,0,121564761,G,A,0.004869597498327
11,rs11218343,0,121564878,T,C,0.022637646645308
11,rs3781831,0,121565295,G,A,0.026297338306904
11,rs3781837,0,121578263,T,C,0.005552276037633
11,rs146197030,0,121586339,T,G,0.00754580879584
11,rs12272618,0,121589615,T,C,0.023292260244489
11,rs2276412,0,121590137,C,T,0.03657802939415
11,rs77819448,0,121590240,A,G,0.019443100318313
11,rs75439772,0,121619096,G,A,0.001347437268123
12,rs79798596,0,1572285,C,T,0.029282430186868
12,rs61941407,0,113151355,A,G,-0.005131174810231
12,rs2305899,0,113177019,T,C,-0.000573294353671
12,rs7312205,0,113205627,T,C,-0.003163581714034
12,rs7304051,0,113241290,T,C,-0.000151869870024
12,rs16942667,0,113244225,T,C,-0.006453561596572
12,rs61943614,0,113275307,A,G,-0.000832756224554
12,rs61943615,0,113275321,G,T,-0.004549995996058
12,rs34649612,0,113288347,C,T,-0.011002578772605
12,rs116738941,0,113301142,C,A,-0.002284466987476
14,rs8003201,0,23008384,G,A,0.003028000937775
14,rs17125924,0,52924962,A,G,-0.002281164517626
14,rs17125944,0,52933911,T,C,-0.007259969133884
14,rs149210267,0,52947427,C,T,-0.00207603466697
14,rs117666337,0,52954166,A,G,-0.002924243686721
14,rs12895667,0,92451240,G,A,0.001400793204084
14,rs4410008,0,92451937,T,C,0.00088710419368
14,rs4904918,0,92460954,T,C,4.12E-05
14,rs61977311,0,92464101,G,A,-0.00598907796666
14,rs9972149,0,92468125,C,A,-0.006486861500889
14,rs4904927,0,92470898,A,G,0.010377202183008
14,rs12590654,0,92472511,G,A,0.010170886293054
14,rs12589691,0,92483611,G,A,0.006419267505407
14,rs7156885,0,92486336,C,T,0.002689888002351
14,rs2094473,0,92489164,G,A,0.003202338004485
14,rs61977322,0,92490832,T,C,0.006190772634
14,rs7150406,0,92492268,G,A,0.000292906159302
14,rs1134590,0,105721893,C,T,0.001463949796744
14,rs8009444,0,105728124,G,A,0.000900622340851
15,rs12442197,0,50703165,A,C,0.00086822459707
15,rs2043082,0,58382109,G,A,0.000581655767746
15,rs261299,0,58394053,G,A,-0.000748509366531
15,rs920916,0,58396278,G,A,0.008491169661283
15,rs415799,0,58398555,G,A,-0.004312435165048
15,rs11857411,0,58571327,C,T,-0.001015125890262
15,rs544282,0,58729903,G,A,0.002492830390111
15,rs394845,0,58735472,T,C,-0.000561023014598
15,rs142864748,0,58767060,G,A,0.017630299553275
15,rs150030755,0,58825990,A,G,0.006007013842463
15,rs8029301,0,58829637,C,T,0.001426288275979
15,rs11856185,0,58930265,G,A,-0.009005937725306
15,rs117618017,0,63277703,C,T,-0.00110323028639
15,rs75763893,0,63279621,C,T,-0.007641705218703
15,rs76855300,0,63303679,T,C,-0.018500400707126
15,rs182842061,0,63483195,G,A,-0.016424870118499
15,rs76813158,0,63831571,T,C,-0.009038390591741
15,rs77171973,0,64059406,T,C,-0.009418662637472
15,rs143298569,0,64086655,T,C,-0.006364815868437
15,rs36037221,0,64148980,C,T,0.002156292553991
15,rs2458245,0,76991819,T,G,-0.000311639014399
15,rs2870085,0,78941926,T,C,-0.012007073499262
15,rs1256838,0,89911715,C,A,0.017900474369526
16,rs9932702,0,29971640,C,T,0.003581208642572
16,rs11150577,0,29975204,G,A,0.002577218227088
16,rs4788204,0,29983897,G,A,0.005120961926878
16,rs9924686,0,29991755,G,A,0.00091760995565
16,rs12933575,0,30011243,A,G,0.005141823552549
16,rs7191849,0,30011836,T,C,0.003787049092352
16,rs12596543,0,30017814,A,G,0.003076712833717
16,rs3814877,0,30031356,G,T,0.004229185637087
16,rs1549299,0,31142825,G,A,-0.004301049280912
16,rs72780393,0,49859550,C,T,-0.013382807374001
16,rs6499774,0,55722113,A,C,-0.003906595986336
16,rs36097154,0,70628913,G,A,-0.002719440730289
16,rs35381200,0,70643165,T,C,-0.003985894378275
16,rs4985556,0,70660097,C,A,-0.010427693836391
16,rs36155323,0,70661088,A,G,-0.003525910666212
16,rs79795015,0,70702603,T,C,-0.028853772208095
16,rs78409530,0,70706046,A,G,-0.019766323268414
16,rs9925135,0,79307596,T,G,-0.005892266053706
16,rs12444183,0,81739604,A,G,-0.015880536288023
16,rs12444189,0,81739662,A,G,-0.005537358112633
16,rs141955636,0,81810191,A,G,-0.050507888197899
16,rs8056564,0,81946414,T,C,0.004220253787935
16,rs75267235,0,88832377,C,T,0.002264608861879
16,rs7197795,0,90067832,C,T,-0.004245138727129
16,rs62054656,0,90070213,C,A,-0.007289171684533
16,rs62054657,0,90073916,G,A,-0.005283517763019
16,rs56407236,0,90103687,G,A,-0.027719378471375
17,rs8077638,0,1737499,C,T,-0.003496611490846
17,rs1310,0,1738421,G,T,-0.005588033702224
17,rs12937244,0,1743023,T,C,-0.004815561231226
17,rs2283568,0,4949010,G,A,-0.002492823870853
17,rs111454129,0,4958971,A,C,-0.003084473777562
17,rs346828,0,5023587,A,G,0.000591472489759
17,rs113371019,0,5064404,C,T,-0.000703362107743
17,rs111971401,0,5071936,T,G,-0.002205966040492
17,rs111566368,0,5073106,A,C,-0.003812916344032
17,rs12602829,0,5300901,A,G,-0.001217567361891
17,rs1046368,0,5301435,G,A,-0.001360203605145
17,rs112764240,0,5306542,T,C,-0.000396454357542
17,rs56021832,0,5317030,G,A,-0.00042928205221
17,rs55816413,0,5317045,C,T,-4.04E-05
17,rs11078558,0,5318016,G,A,-6.51E-05
17,rs79892880,0,5322499,C,T,-0.002178857335821
17,rs74742027,0,5324584,A,G,-0.002088016597554
17,rs80075981,0,5324697,G,A,-0.000773178820964
17,rs75368907,0,5337701,A,G,-0.00698167597875
17,rs59277121,0,5341776,G,A,-0.00119687221013
17,rs75855990,0,5359952,G,A,-0.001021520467475
17,rs78813154,0,5363707,G,T,-0.002702340716496
17,rs55910656,0,5369413,G,A,-0.003906005294994
17,rs9901675,0,7581494,G,A,0.001258652075194
17,rs2029345,0,38894322,A,G,-0.01108711771667
17,rs1038651,0,38896912,C,T,-0.00617704866454
17,rs187076307,0,44315400,G,A,-0.003869612701237
17,rs5848,0,44352876,C,T,-0.015768161043525
17,rs71371993,0,44359632,G,A,-0.001866414560936
17,rs55836887,0,45591449,A,G,0.004912822507322
17,rs62064431,0,45592338,C,A,0.004475701600313
17,rs445354,0,46227886,G,A,0.00042053940706
17,rs112534607,0,46267010,G,A,0.000960476812907
17,rs2532340,0,46268287,A,G,0.002159943571314
17,rs2668724,0,46270272,C,T,0.001257417839952
17,rs2429439,0,46270855,A,G,0.003679914167151
17,rs2732712,0,46271566,T,G,0.002061809180304
17,rs2696519,0,46280411,C,T,0.000439685652964
17,rs616338,0,49219935,T,C,0.153459832072258
17,rs9916779,0,49245384,A,G,0.004288088995963
17,rs12952749,0,49246304,G,A,0.00309010152705
17,rs4277393,0,49246333,T,C,0.002700595650822
17,rs686112,0,49248355,T,C,0.000658680102788
17,rs663576,0,49254625,C,T,0.000851615157444
17,rs850521,0,49255445,G,A,0.004310056101531
17,rs850520,0,49255705,A,G,0.002719439566135
17,rs12948327,0,49256116,C,T,0.000814123661257
17,rs4794031,0,49264791,C,T,7.96E-05
17,rs2411977,0,49265915,T,C,0.000892111216672
17,rs11655466,0,49267168,T,C,0.001152379089035
17,rs12602382,0,49279443,C,A,0.003196399426088
17,rs244359,0,55114415,G,T,-0.005485833622515
17,rs2529526,0,55185078,T,C,-0.00123090937268
17,rs2526378,0,58326988,A,G,0.005097613204271
17,rs2526377,0,58332680,A,G,0.007632698863745
17,rs6504163,0,63468418,C,T,-0.00594216119498
17,rs8077276,0,63470201,G,A,-0.003593054134399
17,rs4292,0,63476980,C,T,-0.006000801920891
17,rs4311,0,63483402,T,C,-0.00661238655448
17,rs7502672,0,63500846,G,A,-0.000793367158622
17,rs1552009,0,73755517,C,T,0.018293986096978
17,rs16978198,0,74815204,A,G,-0.006982285063714
18,rs1965808,0,45906815,C,T,-0.003159894840792
19,rs8108847,0,1015962,A,G,0.015833614394069
19,rs8100672,0,1021638,T,C,0.018304796889424
19,rs2070217,0,1038077,T,G,0.009099522605538
19,rs3764643,0,1040383,G,A,0.01647649332881
19,rs10406449,0,1040774,A,G,0.011163704097271
19,rs3752228,0,1041165,C,T,0.01230258308351
19,rs3764644,0,1041853,G,T,0.017242684960365
19,rs3764646,0,1042851,C,T,0.000599457416683
19,rs3752230,0,1043576,A,G,0.002012670738623
19,rs3752232,0,1043749,A,G,0.009440263733268
19,rs3764647,0,1044713,A,G,8.38E-05
19,rs72973584,0,1046077,C,T,-0.000445894984296
19,rs12151021,0,1050875,A,G,0.035524655133486
19,rs3859570,0,18400115,T,C,-0.010386640205979
19,rs11086109,0,18400420,T,C,-0.006311653647572
19,rs73039299,0,41075875,T,C,-0.017736583948135
19,rs10425835,0,43360396,C,A,-0.005490163341165
19,rs28606579,0,43366801,T,C,-0.001163479289971
19,rs1806750,0,43369672,C,T,0.009711300954223
19,rs3745997,0,43373254,G,T,0.006880880799145
19,rs73041555,0,43429715,A,G,0.004528862424195
19,rs4251841,0,43662223,C,T,0.007308905944228
19,rs10419785,0,43931567,C,T,-0.001849386491813
19,rs76388152,0,43933152,G,A,-0.028590520843864
19,rs10407513,0,43941664,A,G,-0.009627782739699
19,rs10411144,0,43942515,T,C,-0.009166666306555
19,rs10416702,0,43942698,T,G,-0.008766262792051
19,rs2299937,0,43953060,G,A,-0.001165955211036
19,rs76402324,0,43955640,T,C,-0.020338283851743
19,rs11669713,0,43956897,C,T,0.004364372231066
19,rs438174,0,43959516,G,T,-0.001915519707836
19,rs415913,0,43994438,A,G,-0.001062769908458
19,rs151159086,0,44076873,G,A,0.104663521051407
19,rs10409954,0,44185611,G,T,-0.044873777776957
19,rs142869656,0,44262290,G,A,-0.008771203458309
19,rs74811604,0,44343991,A,G,-0.019049540162087
19,rs62115272,0,44364814,A,G,-0.000291307165753
19,rs12460062,0,44412778,T,C,-0.004192276392132
19,rs8104374,0,44488437,G,A,0.002006329363212
19,rs145682015,0,44563241,G,A,0.019262658432126
19,rs12976975,0,44579723,T,G,-0.00420175306499
19,rs846904,0,44610965,G,A,-0.000479635084048
19,rs846902,0,44611110,A,G,-0.000456714216853
19,rs846901,0,44612177,T,C,-0.000121203811432
19,rs1727719,0,44620213,G,A,-0.001644934993237
19,rs62119267,0,44631381,A,C,-0.014936259016395
19,rs539159088,0,44634022,T,C,0.019810114055872
19,rs138443964,0,44652715,A,G,0.03897837176919
19,rs2965162,0,44695666,C,T,-0.00687830708921
19,rs80000866,0,44697364,C,T,0.000550871132873
19,rs78255972,0,44723991,C,T,-0.001744875917211
19,rs75590830,0,44725822,T,C,-0.001197573146783
19,rs574805931,0,44766980,T,C,-0.055492673069239
19,rs28399663,0,44820544,C,T,-0.000306659872876
19,rs8113311,0,44822481,T,G,0.005665138363838
19,rs4803758,0,44824166,G,T,0.000258324667811
19,rs4803759,0,44824202,T,C,0.000813621387351
19,rs2972556,0,44830701,T,C,0.014340379275382
19,rs56394238,0,44832419,A,G,0.002794398926198
19,rs7359852,0,44832778,T,C,0.000420802476583
19,rs3021439,0,44833186,G,A,0.000189038517419
19,rs2927481,0,44833992,C,A,0.001107058022171
19,rs12976241,0,44834606,T,C,0.007480861619115
19,rs2972561,0,44836764,C,T,-0.029177637770772
19,rs2927482,0,44836881,G,A,0.011695051565766
19,rs10407439,0,44838691,A,G,0.000340965751093
19,rs28615360,0,44841465,G,A,0.001090124249458
19,rs11668738,0,44844304,T,G,0.004967370070517
19,rs540102649,0,44844471,A,G,-0.00852217245847
19,rs4452060,0,44844654,C,A,0.001789763220586
19,rs2927472,0,44846112,T,C,5.59E-07
19,rs3810143,0,44846145,T,C,2.24E-05
19,rs112668175,0,44853738,C,T,-0.000754959299229
19,rs146275714,0,44862190,G,A,-0.017048532143235
19,rs182824418,0,44867194,G,T,-0.013353914022446
19,rs41290102,0,44867931,C,T,-0.007930350489914
19,rs141739979,0,44871726,G,T,-0.01317251008004
19,rs393584,0,44874077,G,A,0.004272003192455
19,rs387976,0,44875803,A,C,0.003254509298131
19,rs283814,0,44885967,G,A,-0.018633343279362
19,rs143473297,0,44890095,T,C,-0.000702462566551
19,rs59007384,0,44893408,G,T,-0.001985933398828
19,rs138235833,0,44912028,T,G,-0.013952497392893
19,rs59325138,0,44913034,C,T,0.00398954981938
19,rs71352239,0,44926286,C,T,0.003838760778308
19,rs8106813,0,44928401,A,G,0.001770549686626
19,rs73045691,0,44937272,G,A,-0.004812079016119
19,rs59859410,0,44940247,A,G,-0.000490247039124
19,rs112784534,0,44941309,G,T,-0.000834772828966
19,rs1132899,0,44944779,T,C,-0.005583930294961
19,rs190651665,0,44952846,T,G,0.000547036004718
19,rs75178253,0,44957750,A,G,0.008341576904058
19,rs576651896,0,44960141,A,G,-0.088400945067406
19,rs16979595,0,44974124,G,A,-0.003292254405096
19,rs204473,0,44984262,A,G,-3.66E-05
19,rs79149284,0,45010596,C,T,-0.006492823828012
19,rs7249245,0,45014965,T,C,0.002556433901191
19,rs62117224,0,45021421,G,A,0.002554629696533
19,rs35057129,0,45032052,G,A,0.002042294479907
19,rs34293391,0,45032803,T,C,0.020232947543263
19,rs34034621,0,45039213,C,T,-0.051883384585381
19,rs112394906,0,45059984,C,T,0.018250299617648
19,rs78620885,0,45087826,C,T,-0.00373243750073
19,rs7255018,0,45100704,G,T,0.001564245903865
19,rs144168048,0,45134713,C,A,0.021943673491478
19,rs140184899,0,45164268,G,A,-0.013396366499364
19,rs2627645,0,45202065,C,A,0.011656322516501
19,rs11083766,0,45212232,T,C,0.00132266478613
19,rs11083767,0,45212422,T,C,0.001671780832112
19,rs8102712,0,45212459,C,T,0.000781741458923
19,rs3803906,0,45212718,A,G,5.27E-05
19,rs346751,0,45231175,T,C,0.004448303952813
19,rs138668244,0,45280983,C,T,-0.002996974391863
19,rs144645090,0,45314859,G,A,0.041252765804529
19,rs4803813,0,45315268,G,A,0.012313446030021
19,rs62111442,0,45337140,C,T,-0.000202911585802
19,rs9749618,0,45346651,A,G,-0.000626962282695
19,rs35605600,0,45349836,G,A,-0.00857282243669
19,rs34631405,0,45385550,C,T,0.021040678024292
19,rs545753812,0,45408009,A,G,0.022602440789342
19,rs117034857,0,45456064,G,A,-0.021599415689707
19,rs28381235,0,45466783,A,G,-0.031640782952309
19,rs7256242,0,45476177,T,C,0.007098699454218
19,rs145627316,0,45592914,G,A,-0.00066954374779
19,rs3745817,0,45609546,C,T,-0.006426081527025
19,rs140507001,0,45628397,G,A,-0.001946910633706
19,rs7252448,0,45638795,C,T,-0.004567232448608
19,rs28649237,0,45647700,A,G,0.006744643673301
19,rs12979214,0,45654461,A,G,0.006548192817718
19,rs11666698,0,45654490,A,G,-0.0001402971684
19,rs191165703,0,45717318,A,G,0.044017910957336
19,rs78802426,0,45904949,A,C,-0.032021086663008
19,rs180867632,0,45973817,G,A,-0.0223399233073
19,rs55860917,0,46276353,C,T,0.005168093368411
19,rs143544095,0,46663132,A,G,0.009735561907291
19,rs138878675,0,46801144,C,T,0.024309491738677
19,rs1895380,0,47033262,T,C,0.017632586881518
19,rs12609179,0,51219326,A,G,-0.001774101518095
19,rs3865444,0,51224706,C,A,0.001151805743575
19,rs12459419,0,51225221,C,T,0.000240329653025
19,rs2781753,0,54302959,T,C,0.005710813682526
19,rs1761464,0,54309396,C,T,0.000147402053699
19,rs1761461,0,54313903,C,A,0.002219767076895
19,rs12979839,0,54607898,G,A,-0.005707702599466
19,rs10411879,0,54611839,G,A,-0.00801036786288
20,rs1358782,0,413334,A,G,-0.017877945676446
20,rs6069736,0,56408019,C,T,0.007152192294598
20,rs6024861,0,56409084,G,A,0.024975096806884
20,rs6064392,0,56409712,G,T,0.019775154069066
20,rs73156368,0,56413016,C,T,0.011570272035897
20,rs113221226,0,56449045,G,A,0.004810243379325
20,rs6024883,0,56450321,G,T,0.000960965699051
20,rs6024888,0,56454981,A,G,0.000280838139588
20,rs6064396,0,56465481,G,A,0.011577658355236
21,rs2830084,0,26137978,A,C,0.002199491951615
21,rs2830087,0,26140735,T,C,0.002622004365548
21,rs2830088,0,26142422,T,C,0.003115137573332
21,rs2154482,0,26148613,G,T,0.002917618490756
21,rs12483003,0,26150590,T,C,0.000863095337991
21,rs4817090,0,26161943,T,C,-0.009758392348886
21,rs469420,0,26169626,A,G,0.000866051996127
21,rs465353,0,26180990,T,G,0.000950274697971
21,rs462714,0,26181938,A,G,0.000258850719547
21,rs73351307,0,26217396,C,T,-0.008408828638494
21,rs1892676,0,26221221,T,C,-0.008939823135734
21,rs62222965,0,26225443,G,A,-0.001686948933639
21,rs59690116,0,26229196,G,A,-8.40E-05
21,rs2830120,0,26229416,A,C,-0.000433206936577
22,rs12158548,0,25581259,T,C,0.00000000000001703
21,rs2830489,0,26775872,C,T,0.004470654763281
22,rs4821688,0,37709803,C,T,0.000963365135249
22,rs4821712,0,37787840,C,T,0.009131936356425
,apoe2,,,,,-0.324091196060181
,apoe4,,,,,0.731278002262116